<odoo>
    <record id="view_form_booking_2" model="ir.ui.view">
        <field name="name">Booking Job</field>
        <field name="model">freight.booking</field>
        <field name="priority" eval="20"/>
        <field name="inherit_id" ref="sci_goexcel_freight.view_form_booking"/>
        <field name="arch" type="xml">
            <xpath expr="//button[@name='action_send_booking_confirmation']" position="before">
                <button name="action_send_booking_confirmation_si"
                        type="object"
                        string="Send Bkg Conf./SI"
                        class="oe_highlight" attrs="{'invisible': ['|', ('direction', '!=', 'export'), ('service_type', 'not in', 'ocean')]}"/>
            </xpath>
            <xpath expr="//field[@name='shipment_type']" position="after">
				<field name="container_qty" attrs="{'invisible': ['|', ('service_type', 'not in', 'ocean'),
                            ('cargo_type', '!=', 'fcl')]}"/>
				<field name="container_product_id" attrs="{'invisible': ['|', ('service_type', 'not in', 'ocean'),
                            ('cargo_type', '!=', 'fcl')]}"/>
			</xpath>
            <xpath expr="//header" position="inside">
                <field name="status_transhipment" widget="statusbar" clickable="True" attrs="{'invisible': ['|', ('direction', 'not in', 'transhipment'), ('service_type', 'not in', 'ocean')]}" statusbar_visible="01,02,05,07,08"/>
            </xpath>
            <xpath expr="//field[@name='manifest_no']" position="replace">
			</xpath>
            <xpath expr="//field[@name='invoice_status']" position="replace">
            </xpath>
            <xpath expr="//field[@name='invoice_paid_status']" position="replace">
            </xpath>
            <xpath expr="//field[@name='booking_type']" position="after">
                <field name="lcl_consolidation" attrs="{'invisible': [('service_type', 'not in', 'ocean')]}"/>
            </xpath>
            <xpath expr="//div[@name='button_box']" position="inside">
                <button name="operation_pr"
                        type="object"
                        class="oe_stat_button"
                        icon="fa-file-text"
                        attrs="{'invisible':[('purchase_receipt_count', '=', 0)]}">
                    <field name="purchase_receipt_count" widget="statinfo" string="Purchase Receipt"/>
                </button>
            </xpath>
            <xpath expr="//page[@name='remark']" position="after">
                <page name="Invoices" string="Invoices">
                    <group>
                        <group>
                            <field name="invoice_status"/>
                            <field name="invoice_paid_status"/>
                        </group>
                        <group>
                            <field name="bill_status"/>
                            <field name="bill_paid_status"/>
                        </group>
                    </group>
                    <field name="booking_invoice_lines_ids" groups="account.group_account_user">
                        <tree string="Invoices" editable="bottom">
                            <field name="invoice_no"/>
                            <field name="reference"/>
                            <field name="type"/>
                            <field name="invoice_amount"/>
                        </tree>
                    </field>
                </page>
                <page name="Inv Amt" string="Inv.Amt" groups="account.group_account_user">
                    <group>
                        <field name="pivot_sale_total" string="sales"/>
                        <field name="pivot_cost_total" string="cost"/>
                        <field name="pivot_profit_total" string="profit"/>
                    </group>
                     <group>
                         <button name="action_reupdate_booking_invoice_one" string="Update" type="object" class="btn-primary"/>
                         <field name="inv_sales"/>
                         <field name="inv_cost"/>
                         <field name="inv_profit"/>
                    </group>
                </page>
            </xpath>
            <xpath expr="//field[@name='coloader']" position="after">
                <field name="coloader_reference_no"/>
            </xpath>
            <xpath expr="//tree[@name='manifest_tree_ids2']/field[@name='dim_length']" position="after">
                <field name="dim_length_uom" attrs="{'column_invisible': [('parent.service_type', '!=', 'air')], 'readonly':[('parent.shipment_booking_status', 'in', ['08', '09'])]}"/>
            </xpath>
            <xpath expr="//tree[@name='manifest_tree_ids2']/field[@name='dim_width']" position="after">
                <field name="dim_width_uom" attrs="{'column_invisible': [('parent.service_type', '!=', 'air')], 'readonly':[('parent.shipment_booking_status', 'in', ['08', '09'])]}"/>
            </xpath>
            <xpath expr="//tree[@name='manifest_tree_ids2']/field[@name='dim_height']" position="after">
                <field name="dim_height_uom" attrs="{'column_invisible': [('parent.service_type', '!=', 'air')], 'readonly':[('parent.shipment_booking_status', 'in', ['08', '09'])]}"/>
            </xpath>
            <xpath expr="//field[@name='gate_in_date']" position="after">
                <field name="po_number" />
            </xpath>
            <xpath expr="//field[@name='gate_in_date']" position="after">
                <field name="po_number" />
            </xpath>
            <xpath expr="//tree[@name='cost_profit_tree']/field[@name='cost_qty']" position="attributes">
                <attribute name="options">{
                    "bg_color": "#babcbe: True",
                    "fg_color": "white: True"
                    }</attribute>
            </xpath>
            <xpath expr="//tree[@name='cost_profit_tree']/field[@name='cost_price']" position="attributes">
                <attribute name="options">{
                    "bg_color": "#babcbe: True",
                    "fg_color": "white: True"
                    }</attribute>
            </xpath>
            <xpath expr="//tree[@name='cost_profit_tree']/field[@name='cost_amount']" position="attributes">
                <attribute name="options">{
                    "bg_color": "#babcbe: True",
                    "fg_color": "white: True"
                    }</attribute>
            </xpath>
            <xpath expr="//tree[@name='cost_profit_tree']/field[@name='vendor_id']" position="attributes">
                <attribute name="options">{
                    "bg_color": "#babcbe: True",
                    "fg_color": "white: True"
                    }</attribute>
            </xpath>
            <xpath expr="//tree[@name='cost_profit_tree']/field[@name='vendor_bill_ids']" position="attributes">
                <attribute name="options">{
                    "bg_color": "#babcbe: True",
                    "fg_color": "white: True"
                    }</attribute>
            </xpath>
            <xpath expr="//tree[@name='cost_profit_tree']/field[@name='cost_currency']" position="attributes">
                <attribute name="options">{
                    "bg_color": "#babcbe: True",
                    "fg_color": "white: True"
                    }</attribute>
            </xpath>
            <xpath expr="//tree[@name='cost_profit_tree']/field[@name='cost_currency_rate']" position="attributes">
                <attribute name="options">{
                    "bg_color": "#babcbe: True",
                    "fg_color": "white: True"
                    }</attribute>
            </xpath>
            <xpath expr="//tree[@name='cost_profit_tree']/field[@name='cost_total']" position="attributes">
                <attribute name="options">{
                    "bg_color": "#babcbe: True",
                    "fg_color": "white: True"
                    }</attribute>
            </xpath>
            <xpath expr="//field[@name='booking_type']" position="attributes">
                <attribute name="readonly">0</attribute>
            </xpath>
            <xpath expr="//field[@name='cost_profit_ids']/tree//field[@name='sale_total']" position="after">
                <field name="tax_id"
                       widget="many2many_tags"
                       options="{'no_create': True}"
                       context="{'search_view_ref': 'account.account_tax_view_search'}"
                       domain="[('type_tax_use','=','sale'),('company_id','=',parent.company_id)]"/>

            </xpath>
            <xpath expr="//field[@name='sq_reference']" position="replace">
                <field name="sq_reference" domain="[('partner_id','=',customer_name), ('validity_date','&gt;', (context_today()).strftime('%%Y-%%m-%%d') )]" />
            </xpath>
            <!-- Add to enable form pop up in the Manifest -->
            <xpath expr="//tree[@name='manifest_tree_ids']" position="attributes">
                <attribute name="editable"/>
            </xpath>
            <xpath expr="//tree[@name='manifest_tree_ids2']" position="attributes">
                <attribute name="editable"/>
            </xpath>
        </field>
    </record>

    <record id="view_search_booking_inherit_multimodal" model="ir.ui.view">
      <field name="name">freight.booking.search.expand.filter</field>
      <field name="model">freight.booking</field>
      <field name="inherit_id" ref="sci_goexcel_freight.view_search_booking"/>
      <field name="arch" type="xml">
        <xpath expr="//search" position="inside">
            <group expand="0" string="Group By">
                 <filter string="Shipment Type" name="booking_shipment_type" domain="[]" context="{'group_by':'direction'}"/>
                 <filter string="Carrier" name="booking_carrier" domain="[]" context="{'group_by':'carrier'}"/>
                 <filter string="Carrier Booking No" name="booking_carrier_booking" domain="[]" context="{'group_by':'carrier_booking_no'}"/>
                  <filter string="Consignee Name" name="booking_consignee" domain="[]" context="{'group_by':'consignee'}"/>
                  <filter string="Vessel Name" name="booking_vessel_name" domain="[]" context="{'group_by':'vessel_name'}"/>
             </group>
        </xpath>
          <xpath expr="//filter[@name='loading_eta']" position="replace">
          </xpath>
      </field>
    </record>


    <record id="view_form_booking_manifest_fcl" model="ir.ui.view">
        <field name="name">Booking Manifest FCL</field>
        <field name="model">freight.operations.line</field>
        <field name="arch" type="xml">
            <form>
                <sheet>
                    <group>
                        <field name="container_no"/>
                        <field name="container_product_id" domain="[('categ_id', '=', container_category_id)]" options="{&quot;always_reload&quot;: True}"/>
                        <field name="seal_no"/>
                        <field name="container_product_name"/>
                        <field name="packages_no"/>
                        <field name="packages_no_uom"/>
                        <field name="exp_net_weight"/>
                        <field name="exp_gross_weight"/>
                        <!--<field name="dim_length" string="Length (CM)"/>
                        <field name="dim_width" string="Width (CM)"/>
                        <field name="dim_height" string="Height (CM)"/>-->
                        <field name="exp_vol"/>
                        <field name="remark"/>
                        <field name="container_commodity_id" invisible="1" domain="[('categ_id', '=', commodity_category_id)]" options="{&quot;always_reload&quot;: True}"/>
                        <field name="fcl_container_qty" invisible="1"/>
                        <field name="container_category_id" invisible="1"/>
                        <field name="commodity_category_id" invisible="1"/>
                    </group>
                </sheet>
            </form>
        </field>
    </record>

    <record id="view_form_booking_manifest_lcl" model="ir.ui.view">
        <field name="name">Booking Manifest LCL</field>
        <field name="model">freight.operations.line2</field>
        <field name="arch" type="xml">
            <form>
                <sheet>
                    <group>
                        <field name="container_no"/>
                        <field name="container_product_id" domain="[('categ_id', '=', container_category_id)]" options="{&quot;always_reload&quot;: True}"/>
                        <field name="seal_no"/>
                        <field name="container_product_name"/>
                        <field name="packages_no"/>
                        <field name="packages_no_uom"/>
                        <field name="exp_net_weight"/>
                        <field name="exp_gross_weight"/>
                        <field name="dim_length" string="Length (CM)" invisible="1"/>
                        <field name="dim_width" string="Width (CM)" invisible="1"/>
                        <field name="dim_height" string="Height (CM)" invisible="1"/>
                        <field name="exp_vol"/>
                        <field name="shipping_mark" string="Mark"/>
                        <field name="container_category_id" invisible="1"/>
                    </group>
                </sheet>
            </form>
        </field>
    </record>

</odoo>